EmployeeID,Name,Department,Location,Gender,TenureYears,EngagementScore,PerformanceRating,Attrition,SalaryKES,TrainingsCompleted,AvgSkillGain,AppliedOnJobRatio
1,Raven Nolan,Sales,Nairobi,Female,7.59,2.91,3.23,No,82159,3,14.3,0.71
2,Ashley Young,Finance,Nairobi,Female,6.93,5,2.48,No,97119,0,12.1,0.28
3,Tracy Huff,Sales,Kisumu,Male,12.47,1.15,1.7,Yes,143723,6,13.3,0.48
4,Taylor Gonzalez,Engineering,Eldoret,Female,1.77,2.06,2.34,No,81578,10,3.2,0.79
5,Jennifer Mays,Marketing,Kisumu,Female,9.88,3.49,1.36,No,133521,4,17.4,0.6
6,Lynn Burns,Marketing,Kisumu,Male,11.71,4.04,1.23,No,68741,5,14.4,0.5
7,Jennifer Thomas,Finance,Eldoret,Male,12.56,2.72,1.4,No,56890,2,4.8,0.86
8,Brittney Cummings,Marketing,Nairobi,Female,9.39,3.6,3.12,No,44430,1,19.5,0.37
9,April Mason,Marketing,Remote,Female,9.3,2.54,1.85,No,68986,8,11.9,0.43
10,Ashley Johnson,Marketing,Eldoret,Male,11.84,4.59,1.2,No,167800,10,8.7,0.43
11,Michael Walker,Sales,Mombasa,Other,7.32,2.23,4.47,Yes,172077,4,14.4,0.28
12,Dennis Brewer,Operations,Remote,Male,13.47,2.42,4.79,No,118889,7,2.7,0.35
13,Diana Coleman,Engineering,Remote,Male,2.2,2.43,2.55,No,199066,10,7.1,0.32
14,Rebecca Ortiz,HR,Kisumu,Male,6.16,2.59,2.94,No,37043,2,1.9,0.14
15,Taylor Mitchell,Sales,Remote,Female,3.29,4.35,4.17,No,110334,7,2.8,0.99
16,Matthew Tyler,Operations,Remote,Male,4.57,1.2,2.72,No,98417,10,5.3,0.93
17,Jessica Rivera,Engineering,Nairobi,Other,7.43,4.41,2.28,No,246587,10,16.2,0.58
18,George Wise,HR,Eldoret,Male,14.88,4.71,2.46,No,30184,13,5,0.28
19,Steven Rich,Operations,Mombasa,Other,14.01,3.04,4.35,No,161147,5,12.1,0.68
20,Richard Matthews,HR,Remote,Other,2.63,2.19,3.71,No,48143,10,6.9,0.72
21,Denise Scott,Marketing,Kisumu,Female,3.23,3.2,4.94,No,120898,1,0.4,0.98
22,Dennis Richardson,Engineering,Kisumu,Other,8.92,4.63,4.56,No,184544,14,17,0.25
23,Joshua Kent,HR,Remote,Female,3.46,2.48,4.85,No,187169,10,18,0.48
24,Deborah Hall,Engineering,Kisumu,Female,3.3,2.95,4.53,No,173421,6,16.4,0.58
25,Ian Meza,Engineering,Remote,Male,12.71,3.38,2.3,No,74210,3,16.7,0.67
26,Timothy Munoz,Sales,Nairobi,Female,9.24,1.99,1.84,No,243052,2,4.5,0.08
27,Mark Lewis,Sales,Eldoret,Other,4.56,1.29,4.81,No,181371,4,19.1,0.78
28,Wendy Casey,Sales,Kisumu,Other,13.02,3.85,2.51,No,248796,10,7.2,0.29
29,Patricia Adams,HR,Kisumu,Male,4.68,1.67,4.67,Yes,87760,8,11.1,0.77
30,Steven Rowland,Operations,Remote,Other,7.02,2.61,3.94,No,199217,8,4.2,0.69
31,Jessica Booth,Sales,Eldoret,Male,13.43,4.11,1.18,No,153273,6,6.5,0.16
32,Amanda Spencer,Marketing,Nairobi,Female,6.94,3.73,1.39,No,94071,2,4.2,0.68
33,William Lopez,Finance,Remote,Other,5.11,2.82,2.98,No,135174,2,17,0.27
34,Tiffany Walker,HR,Kisumu,Male,0.6,4.16,2.44,Yes,153864,7,14.7,0.79
35,Shannon English,Sales,Mombasa,Male,10.2,2.38,1.69,No,76513,14,6.9,0.74
36,Cindy Thomas,HR,Nairobi,Female,8.84,3.75,2.22,No,133248,12,7.4,0.84
37,Richard Patel,HR,Kisumu,Male,11.57,4.31,2.81,No,223699,10,11.9,0.39
38,Sarah Jones,Operations,Kisumu,Female,0.62,2.71,4.19,No,108722,8,5.3,0.16
39,Michael Alvarado,Engineering,Remote,Female,13.03,4.78,3.11,No,123045,2,12.5,0.99
40,Alexis Mann,Engineering,Nairobi,Female,8.61,4.77,1.48,No,187681,1,18.8,0.12
41,Jason Kennedy,Finance,Eldoret,Female,10.2,4.03,3.53,No,83999,8,14.7,0.82
42,Judy Meza,Operations,Remote,Male,14.6,1.96,4.04,No,51539,10,17.5,0.44
43,Brandon Randolph,HR,Nairobi,Male,2.66,3.36,2.46,No,89475,4,14.3,0.94
44,Patricia Manning,Engineering,Remote,Male,1.08,2.28,3.73,Yes,93456,4,9.3,0.58
45,Hector Miller,Engineering,Mombasa,Female,10.48,1.47,3.17,No,71876,15,4.7,0.36
46,Nicole Hawkins,Operations,Nairobi,Male,5.41,3.27,2.77,Yes,182463,12,1.7,0.92
47,Amy Campbell,Sales,Kisumu,Male,11.16,4.61,3.22,No,127488,4,4.4,0.68
48,Ryan Davis,Sales,Nairobi,Male,4.91,2.61,2.33,No,98509,2,13.9,0.7
49,Thomas Dillon,Marketing,Mombasa,Male,5.64,4.53,2.72,No,232103,14,3.6,0.43
50,Monica Baker,HR,Remote,Male,1.27,1.7,2.72,No,32969,1,6.4,0.75
51,Lisa Williams,Finance,Mombasa,Male,0.9,4.01,3.19,No,247444,0,15.2,0.28
52,Larry Weiss,HR,Mombasa,Male,8.18,4.04,2.42,No,155677,2,9.9,0.84
53,Manuel Crosby,Finance,Remote,Other,2.86,3.45,3.81,No,79457,14,0.7,0.3
54,Brendan Shah,HR,Nairobi,Other,9.1,1.96,4.86,No,222943,12,3.5,0.93
55,Sheila Diaz MD,Operations,Kisumu,Other,1.22,2.45,1.68,No,32270,1,16.4,0.07
56,Alyssa Gilbert,Sales,Mombasa,Male,10.06,3.38,2.98,No,217378,11,18.6,0.02
57,Ashlee Miller,Operations,Remote,Female,1.95,3.69,3.24,Yes,211474,1,9.7,0.06
58,Christina Baker DVM,Finance,Nairobi,Other,10.54,4.78,1.99,No,229789,14,15.7,0.64
59,Melinda Jones MD,HR,Remote,Other,2.74,3.54,4.62,Yes,155156,2,13.9,0.26
60,Michael Johnson,Engineering,Remote,Other,6.99,4.7,3.51,Yes,194857,0,5.3,0.2
61,Randall Kent,Sales,Eldoret,Female,8.53,4.44,1.27,No,220942,2,8.7,0.86
62,Calvin Parker,Marketing,Mombasa,Female,13.63,1.5,1.98,No,235377,6,9.3,0.67
63,Sean Walker,Marketing,Eldoret,Female,7.8,1.27,4.51,No,82085,2,15.5,0.08
64,Matthew Koch,Finance,Remote,Other,3.58,2.16,1.81,No,77987,3,4.5,0.86
65,Alexander Osborne,Marketing,Remote,Other,2.8,1.79,3.3,No,107334,6,1.8,0.48
66,Robert Pitts,Operations,Kisumu,Male,9.41,1.88,2.71,No,215791,9,19.8,0.18
67,Stephanie Yu,Sales,Eldoret,Male,11.04,2.2,3,Yes,168767,11,9.7,0.75
68,Christopher Lee,Marketing,Remote,Female,2.73,1.08,2.1,No,66363,0,9.2,0.62
69,Sheila Salinas,Sales,Remote,Other,12.28,4.85,3.83,No,207940,7,18.3,0.65
70,Kevin Johnson,Marketing,Mombasa,Male,5.99,4.39,3.68,No,178680,2,12.2,0.02
71,Tammy Morris,Engineering,Mombasa,Other,10.5,2.93,2.17,No,242629,12,3.2,0.22
72,Ronald Navarro,Engineering,Remote,Female,9.73,2.64,4.56,No,185198,15,17.6,0.33
73,Lucas Hart,Marketing,Mombasa,Other,10.21,4.25,2.77,No,249236,2,4,0.73
74,Natalie Shaw,Engineering,Eldoret,Male,11.54,2.43,1.33,No,199342,14,15.4,0.62
75,James Mills,Engineering,Kisumu,Male,9.54,4.9,1.51,No,198114,7,15.6,0.11
76,Bridget Allen,Finance,Eldoret,Male,5.47,2.46,4.82,No,248900,15,15.8,0.73
77,James Owens,Engineering,Remote,Female,4.46,2.54,3.75,Yes,131518,1,10.6,0.62
78,Samantha Andrews,Marketing,Eldoret,Female,4.69,2.36,2.73,No,223654,14,0.2,0.77
79,Shawn Mccall,Finance,Remote,Female,11.36,2.63,1.34,No,107874,10,19.8,0.59
80,Jackson Kemp,Marketing,Kisumu,Female,2.9,1.33,4.84,No,80521,14,13.4,0.48
81,Angela Thompson,Operations,Nairobi,Male,11.55,1.96,2.4,Yes,129502,11,18,0.84
82,James Saunders,Finance,Remote,Other,11.48,1.91,2.43,No,155744,3,18.6,0.79
83,Benjamin Hubbard,Operations,Nairobi,Male,1.94,4.13,1.76,Yes,183704,12,11.5,0.86
84,Douglas Wong,Engineering,Eldoret,Male,2.6,2.31,3.69,No,175779,9,16.6,0.04
85,Ryan Mckay,Engineering,Kisumu,Male,7.28,4.66,1.19,No,37577,12,6.9,0.33
86,Alvin Reyes,Operations,Remote,Other,11.67,1.33,1.41,No,132765,14,16.9,0.55
87,Suzanne Webb,Engineering,Remote,Female,8.81,3.51,3.52,Yes,76414,0,7.3,0.04
88,Jacob Weber,Engineering,Kisumu,Female,6.63,2.18,4.2,No,81912,4,14.7,0.75
89,Nicholas Davis,Engineering,Eldoret,Male,10.29,2.86,1.71,No,215110,6,6.1,0.37
90,Andrew Mccann,Sales,Remote,Female,0.52,4.48,2.58,Yes,213779,3,19.4,0.41
91,Miguel Lam,HR,Eldoret,Other,3.99,1.5,4.42,No,241025,9,1.8,0.21
92,Gina Walker,HR,Kisumu,Other,6.51,3.16,4.69,No,241970,14,7.3,0.62
93,Jeremy Jones,Operations,Nairobi,Female,3.93,3.78,4.04,No,214612,10,12.7,0.73
94,Dr. Ann Conrad DVM,Sales,Nairobi,Male,11.24,3.46,4.03,No,57047,0,16.9,0.08
95,Jeanne Johnson PhD,HR,Kisumu,Other,8.61,4.09,2.92,Yes,62016,14,19.1,0.48
96,John Jordan,Engineering,Mombasa,Male,3.06,3.66,1.72,No,51933,6,5.2,0.84
97,Margaret Wilson,Finance,Eldoret,Other,8.11,1.57,4.91,No,168208,6,15,0.94
98,Caitlin Meadows,Sales,Kisumu,Female,1.72,1.03,4.85,No,206493,12,17.9,0.12
99,Emma Bradley,Engineering,Kisumu,Female,9.07,4.4,3.23,No,40598,8,17.2,0.57
100,Noah Estrada,Marketing,Remote,Female,6.69,1.97,4.98,No,142562,10,19.2,0.35
101,Michael Brewer,Operations,Eldoret,Female,11.04,1.43,3.49,No,218152,13,5.6,0.03
102,Angela Smith,Finance,Eldoret,Male,7.95,4.75,1.18,No,65621,15,4.6,0.17
103,Carl Cruz,HR,Remote,Female,4.99,2.23,2.24,No,88850,3,10.5,0.36
104,Scott Burke,Sales,Kisumu,Other,9.29,4.59,2.86,No,218413,13,12.6,0.83
105,John Barnett,Marketing,Eldoret,Female,3.62,3.22,4.15,No,34379,3,16.1,0.17
106,Danielle Nguyen,Finance,Mombasa,Other,11.17,4.36,4.19,No,245320,14,1.1,0.5
107,Tammy Bennett,Operations,Nairobi,Female,2.68,1.19,1.72,Yes,69390,10,16.2,0.15
108,Amanda Nguyen,Engineering,Eldoret,Female,10.81,4.72,4.1,No,39890,2,17,0.66
109,Sue Shaw,Operations,Remote,Female,9.13,3.76,1.2,No,90711,11,7.5,0.74
110,Brett Chavez,Sales,Kisumu,Female,6.83,4.29,4.59,No,111445,12,14,0.14
111,Bernard Robinson,HR,Mombasa,Female,12.57,3.38,1.95,No,143361,11,15.3,0.02
112,John Myers,Operations,Mombasa,Male,5.1,1.11,1.49,No,37654,1,5.4,0.51
113,Cody Moreno,Sales,Remote,Other,5.22,1.34,1.97,No,49254,10,5.8,0.12
114,Jessica Butler,Sales,Nairobi,Female,11.01,1.09,1.62,No,212020,4,1.9,0.43
115,Monica Morris,Finance,Nairobi,Male,9.37,2.03,2.55,No,107948,1,16.8,0.4
116,Nicole Lutz,Finance,Kisumu,Female,11.84,3.61,2.86,No,197364,8,10.2,0.84
117,Sarah Daugherty,Operations,Mombasa,Female,5.48,3.47,2.32,No,42544,7,18.4,0.97
118,Jennifer Lynch,HR,Kisumu,Male,5.65,1.42,4.8,No,194127,15,10.2,0.31
119,Mark Taylor,HR,Eldoret,Other,3.68,2.78,4.97,No,165791,7,3.7,0.02
120,Anita Singh,HR,Remote,Female,4.17,3.19,3.43,No,99204,5,3.2,0.06
121,James Montgomery,Operations,Mombasa,Male,8.58,4.13,3.58,No,194544,3,9.1,0.45
122,Samantha Burton,HR,Nairobi,Male,14.46,4.39,4.91,No,81852,1,4.3,0.99
123,Nicole Delgado,Sales,Nairobi,Female,8.12,4.47,2.55,No,230428,0,17.4,0.64
124,Jack Vance,Marketing,Nairobi,Other,9.88,3.07,2.67,No,231096,2,5.4,0.37
125,Jack Davis,HR,Nairobi,Female,12.25,1.88,2.13,No,104424,2,14.5,0.1
126,Barbara Watkins,Finance,Kisumu,Female,14.31,1.65,3.52,Yes,52821,8,6.3,0.22
127,Kenneth Flores,HR,Remote,Female,4.32,1.9,2.85,No,131657,8,8.8,0.51
128,Katherine Smith,Engineering,Kisumu,Female,2.15,3.93,2.53,No,157530,0,12.6,0.3
129,Jon Ibarra,Marketing,Kisumu,Other,13,1.88,4.36,Yes,117249,4,6.7,0
130,Tyler Zimmerman,Marketing,Remote,Other,14.55,4.53,2.77,No,225920,1,6.2,0.8
131,William Wilson,Finance,Remote,Other,0.59,2.55,2.55,Yes,244682,15,16.8,0.77
132,Rachel Mendoza,Sales,Remote,Other,3.11,3.94,4.64,No,247241,3,3.5,0.39
133,Jillian Hall,Finance,Remote,Female,7.64,4.78,2.66,Yes,112078,2,14.6,0.17
134,Dennis Taylor,Marketing,Mombasa,Male,6.36,1.76,4.55,Yes,47866,0,7.8,0.01
135,Joseph Price,HR,Remote,Female,5.91,4.16,2.64,No,98433,14,18.5,0.62
136,Nicholas Carter,Sales,Nairobi,Other,5.92,3.89,1.66,No,89206,11,9,0.8
137,Angela Green,Operations,Mombasa,Other,7.39,3.17,2.52,No,234979,1,7.2,0.56
138,Tiffany Parker,Operations,Kisumu,Other,0.81,4.01,2.2,No,210600,5,13.6,0.43
139,Theresa Warner,Sales,Remote,Other,10.96,1.61,3.04,No,43098,3,19,0.17
140,Scott Obrien,HR,Kisumu,Male,10.92,3.94,4.87,No,176207,0,8.9,0.95
141,Angela Kelly,HR,Remote,Female,9.64,3.54,4.14,No,34347,9,1.5,0.06
142,James Turner,HR,Mombasa,Female,12.12,4.59,4.12,No,79943,3,1.3,0.3
143,Jose Heath,Operations,Kisumu,Female,12.67,1.71,3.73,No,243673,5,10.4,0.11
144,Julie Ware,Marketing,Mombasa,Other,8.86,4.6,1.12,No,178680,14,19,0.21
145,Brenda Walton,Sales,Eldoret,Female,10.84,2.29,3.45,No,163781,8,18.1,0.68
146,Shawn Green,Engineering,Eldoret,Male,10.03,2.72,2.68,Yes,238621,6,14.6,0.06
147,Steven Boyd,Engineering,Eldoret,Female,4.69,4.75,4.26,No,216295,5,10.7,0.6
148,Jonathan Dunlap,HR,Nairobi,Male,14.48,1.46,4.58,No,172917,5,11.5,0.68
149,Christopher Duran,Sales,Eldoret,Female,1.18,4.86,4.31,No,183190,5,12.3,0.85
150,Natalie Newton,Sales,Eldoret,Female,6.61,3.17,1.43,No,114518,1,18.4,0.99
151,Tammie Stevenson,HR,Remote,Male,2.8,3.7,2.04,No,44811,6,19.6,0.84
152,Michael Gordon,Engineering,Remote,Other,14.77,1.87,1.76,No,189784,9,4.9,0.53
153,Austin Dorsey,Operations,Nairobi,Female,9.82,4.27,3.92,No,139918,8,18.7,0.18
154,Richard Macdonald,Operations,Eldoret,Male,11.02,4.06,4.26,Yes,101903,7,15.3,0.2
155,Mary Rogers,Sales,Mombasa,Other,13.09,2.57,4.16,No,143994,2,0.3,0.94
156,Sean Luna,HR,Mombasa,Other,10.52,3.4,2.73,No,57571,0,0.4,0.92
157,Kelly Harrison,Sales,Nairobi,Other,11.86,1.13,4.27,No,60445,15,14.1,0.23
158,Gary Sanders,Finance,Eldoret,Female,0.6,2.81,4.63,No,155986,2,18.1,0.71
159,William Green,Sales,Kisumu,Female,13.35,3.93,4.81,No,81204,15,6.1,0.03
160,Katrina Lopez,Finance,Kisumu,Female,8.39,4.46,3.54,No,182255,3,16.5,0.95
161,Jon Russell,Operations,Nairobi,Male,5.36,2.61,1.69,No,235949,8,8.4,0.38
162,Maria Williams,Finance,Eldoret,Female,10.72,2.03,2.65,No,118511,1,13.7,0.05
163,Amy Parker,HR,Nairobi,Female,3.72,4.16,3.63,No,131889,14,6.8,0.84
164,Melissa Brown,HR,Eldoret,Female,3.82,3.91,3.81,No,197132,12,16.5,0.98
165,Michelle Walter,Finance,Kisumu,Male,8.22,4.64,4.11,Yes,43148,9,15.8,0.34
166,Robin Miller,Engineering,Eldoret,Other,2.92,1.51,4.28,No,203576,5,17,0.71
167,Emily Harris,Operations,Remote,Other,11.59,2.99,2.3,Yes,240804,9,9.7,0.89
168,Dorothy Mccall,Finance,Kisumu,Male,6.15,4.37,2.24,No,104110,3,13,0.28
169,Kevin Boyd,Operations,Remote,Female,0.55,1.78,1.28,No,107346,12,11.6,0.12
170,Jennifer Evans,Sales,Remote,Female,5.18,2.81,4.5,No,126892,1,5,0.9
171,Sharon Rogers,Operations,Nairobi,Male,3.03,1.87,3.54,No,137109,4,4.1,0.14
172,Michele Thompson,Marketing,Mombasa,Male,11.19,4.93,2.78,No,38498,15,6.9,0.48
173,Arthur Perez,Operations,Mombasa,Other,10.89,2.07,4.26,No,94158,10,10,0.89
174,Matthew Houston,Sales,Remote,Other,12.82,3.93,1.43,No,147184,0,16.2,0.85
175,Louis Sloan,Engineering,Remote,Male,14.01,3.42,3.5,Yes,134179,11,3.2,0.34
176,Robert Garcia,Engineering,Remote,Female,8.69,4.73,4.43,No,36277,7,18.7,0.53
177,Veronica Ramirez,Sales,Eldoret,Other,12.23,3.76,2.85,No,108040,2,8.5,0.1
178,Anthony Barr,HR,Nairobi,Male,11.26,4.13,1.3,No,207924,6,11.5,0.24
179,Juan King,Finance,Nairobi,Other,11.94,3,1.59,No,171955,14,12.9,0.29
180,John Sawyer,Finance,Kisumu,Female,11.91,4.28,1.43,No,57841,1,3.3,0.17
181,Kayla Brown,Marketing,Remote,Female,5.58,4.24,3.6,No,91219,11,18.6,0.17
182,Spencer Pierce,HR,Remote,Female,8.45,3.57,3.75,No,238153,0,6.8,0.61
183,Jason Bonilla,Engineering,Kisumu,Female,9.85,4.55,4.82,No,146693,8,6.5,0.71
184,Amber Snyder,Sales,Mombasa,Other,7.96,3.57,1.83,No,54270,7,19,0
185,Matthew Jordan,Engineering,Nairobi,Male,10.54,3.22,3.96,No,192164,6,11.3,0.87
186,Laura Stevens,HR,Mombasa,Female,6.2,3.29,4.76,No,162994,15,16.7,0.69
187,Darrell Bailey DDS,Marketing,Nairobi,Other,5.39,3.5,3.85,No,70142,15,12.8,0.07
188,Lori Hudson,Marketing,Kisumu,Female,14.5,2.49,2.52,No,119854,11,3.8,0.52
189,Matthew Nguyen,Engineering,Kisumu,Male,12.08,3.37,1.94,No,131011,10,9.2,0.32
190,Stuart Thomas,Operations,Remote,Female,5.76,4.74,3.65,No,61494,2,0.3,0.66
191,Kenneth Jackson,Sales,Kisumu,Female,11.37,1.94,1.87,No,220130,14,2.3,0.24
192,Beth Gilbert,Sales,Eldoret,Other,9.56,3.44,1.63,Yes,117330,7,2.4,0.44
193,Guy Odom,Engineering,Eldoret,Other,4.42,4.76,3.38,No,194932,3,18.5,0.36
194,Heather Phelps,Sales,Kisumu,Male,10.42,1.28,1.71,No,77366,1,6.4,0.52
195,Heather Wilson,HR,Nairobi,Female,1.03,2.1,4.02,No,217398,0,15,0.69
196,Tiffany Cobb,Engineering,Remote,Other,7.81,2.28,2.54,No,148794,11,16.8,0.66
197,Jesse Hicks,Operations,Nairobi,Female,13.6,4.41,2.49,No,49579,14,13.9,0.23
198,Christopher Green,Finance,Nairobi,Female,13.09,3.97,1.01,Yes,198571,8,1.6,0.04
199,Nicole Mueller,Marketing,Kisumu,Male,11.85,4.23,2.42,No,52750,3,8.6,0.66
200,Pamela Campbell,Engineering,Mombasa,Other,12.55,2.08,3.25,No,135039,8,3,0.51
201,Angela Walls,HR,Nairobi,Other,10.15,2.02,1.88,No,234648,2,3.9,0.87
202,Sarah Lam,Marketing,Mombasa,Male,13.2,1.31,4.36,No,138798,11,7.7,0.75
203,Roy Casey,Engineering,Remote,Other,2.96,1.01,2.91,No,224491,10,0,0
204,Michael Patrick,Operations,Mombasa,Female,11.78,2.25,3.15,No,157527,12,17.3,0.7
205,Sheryl Haney,HR,Kisumu,Female,14.85,4.19,4.73,No,214688,5,19.6,0.6
206,Paige Rivera,Sales,Remote,Male,0.59,2.54,4.37,No,73647,4,12.6,0.93
207,Dr. Richard Contreras,Engineering,Remote,Other,5.89,4.41,4.7,No,135629,11,6.7,0.26
208,Cassandra Carter,Marketing,Mombasa,Female,8.37,3.48,2.06,No,117791,10,12.7,0.55
209,Anthony Gonzales,Marketing,Nairobi,Female,13.16,2.81,1.29,No,38349,11,0.8,0.74
210,Joshua Garcia,Marketing,Eldoret,Female,11.64,3.85,2.57,No,168149,13,5.5,0.75
211,Chelsey Carpenter,Finance,Nairobi,Female,12.85,3.33,3.62,No,156461,12,4.2,0.48
212,Matthew Chase,Sales,Remote,Other,10.53,2.97,1.77,No,205850,11,1.3,0
213,Kevin Jones,Finance,Eldoret,Other,12.44,1.04,3.2,No,233899,4,11.3,0.71
214,Melinda Wall,Finance,Nairobi,Male,7.77,1.38,3.79,No,153703,15,16.9,0.7
215,Jessica Curtis,Marketing,Remote,Female,10.95,1.9,3.96,No,150449,2,9.1,0.91
216,Joshua Johnson,Marketing,Kisumu,Male,2.79,3.25,4.17,No,182956,15,14.2,0.3
217,Daniel Martinez,Sales,Nairobi,Other,2.48,4.61,3.45,No,121086,7,18,0.12
218,James Pineda,Finance,Nairobi,Female,0.74,2.81,4.83,Yes,81625,13,3,0.39
219,Timothy Higgins,Sales,Remote,Male,2.35,3.3,1.08,No,89879,0,15.6,0.52
220,Alicia Dodson,Finance,Nairobi,Other,7.67,4.59,3.76,No,96357,2,8.7,0.94
221,John Blair,Sales,Eldoret,Other,10.57,3.81,2.81,No,207878,12,1.4,0.21
222,Aaron Allen,Marketing,Mombasa,Female,1.35,3.61,3.36,No,45570,0,16.3,0.47
223,Evan Schmitt,Engineering,Eldoret,Female,14.22,3.05,3.68,No,38671,6,11.3,0.55
224,Timothy Castillo,HR,Kisumu,Female,2.93,2.77,2.93,No,36045,5,4.6,0.05
225,Nathan Ward,Marketing,Remote,Other,11.98,2.19,2.33,No,152800,2,12.3,0.36
226,Bonnie Graham,Operations,Nairobi,Male,2.79,2.83,3.09,No,230519,1,3.8,0.65
227,Cheryl Mcdowell,Marketing,Eldoret,Other,5.18,1.27,1.78,No,137351,10,20,0.92
228,Jason Avila,Operations,Kisumu,Male,11.76,1.53,1.1,No,33592,11,0.9,0.62
229,Tanner Ford,HR,Nairobi,Female,2.14,3.99,4.34,No,247630,10,10.3,0.06
230,Jesse Black,Engineering,Remote,Other,1.41,1.39,2.54,No,68365,0,14.7,0.89
231,Michelle Rivas,Marketing,Kisumu,Male,5.4,2.28,4.61,No,187780,11,16.6,0.22
232,Gina Dodson,Finance,Kisumu,Male,11.15,2.73,1.88,No,33903,10,15.5,0.97
233,Meredith Flowers,Sales,Remote,Male,10.52,1.85,3.33,No,125766,2,1.3,0.43
234,Molly Nguyen,Sales,Remote,Other,5.17,1.16,4.71,No,219611,10,17.1,0.8
235,Joshua Miles,Engineering,Mombasa,Female,7.97,4.28,3.65,No,127642,12,19.2,0.82
236,Amber Ellis DDS,Engineering,Kisumu,Other,5.24,1.47,2.71,Yes,152230,2,7.8,0.58
237,Tonya King,Marketing,Remote,Female,7.82,1.46,2.05,No,244252,11,10.2,0.44
238,Nicole Flowers,Engineering,Nairobi,Female,0.71,1.97,3.75,No,155510,2,7.5,0.89
239,David Weiss,HR,Kisumu,Female,5.77,4.27,1.96,No,201491,5,16.5,0.07
240,Lisa Wong,Engineering,Mombasa,Other,4.55,2.19,3.97,No,72833,6,9.3,0.18
241,Ricardo Ward,Sales,Nairobi,Other,4.61,3.74,1.23,No,143880,13,17.3,0.89
242,Mary Henry,Operations,Remote,Other,1.67,1.71,1.89,No,151100,14,14.3,0.1
243,Brandon Duran,Marketing,Remote,Other,10.94,3.66,2.75,No,204444,6,3.4,0.55
244,Linda Dougherty MD,Sales,Remote,Other,1.68,2.64,2.96,No,200748,15,19.4,0.23
245,Kara Walker,Finance,Eldoret,Male,11.76,1.43,1.72,No,109052,4,9,0.52
246,Cheyenne Ball,Engineering,Kisumu,Female,12.55,4.58,3.02,No,76317,5,2.7,0.1
247,William Rocha,Sales,Eldoret,Other,8.98,4.95,4.18,No,86026,11,4.9,0.16
248,Brett Long,Marketing,Nairobi,Female,3.02,3.85,2.82,No,226939,7,1,0.89
249,Haley Woods,Operations,Kisumu,Female,11.96,4.08,2.22,No,135908,8,18.1,0.02
250,Courtney Nelson,Sales,Nairobi,Male,13.09,4.04,4.86,Yes,162303,1,1.8,0.96
251,April Bullock,Engineering,Mombasa,Female,9.94,1.76,3.76,No,181746,5,10.3,0.26
252,Robert Saunders,HR,Remote,Female,1.19,3.37,2.64,No,68880,12,7.4,0.13
253,Ann Malone,Sales,Kisumu,Other,8.45,2.84,3.89,No,36464,4,8.7,0.27
254,Shelby Prince,Engineering,Remote,Other,10.12,3.1,2.52,No,153223,8,18.4,0.17
255,Emily Gonzales,HR,Kisumu,Male,5.14,3.93,4.4,No,81938,14,13.7,0.8
256,Mark Fox,Marketing,Eldoret,Female,14.94,1.48,2.34,No,135037,13,9.3,0.86
257,Justin Phelps,HR,Eldoret,Female,12.45,3.03,3.52,No,134727,8,6.4,0.85
258,James Jones,Sales,Kisumu,Female,6.15,2.49,3.4,No,151592,3,0.8,0.57
259,Jennifer James,HR,Remote,Male,1.88,2.15,3.28,Yes,36925,6,0.6,0.62
260,Danielle Lyons DVM,Finance,Kisumu,Female,11.35,1.24,2.58,Yes,107133,2,18,0.02
261,Chelsea Warren,HR,Kisumu,Male,7.08,4.62,3.59,No,83621,2,3.1,0.65
262,Cheryl Parker,Operations,Eldoret,Other,8.42,4.35,3.01,No,38111,3,15.4,0.7
263,Oscar Mccarty,Operations,Remote,Female,12.57,1.99,3.36,No,166749,9,4.9,0.22
264,Danielle Smith,Marketing,Eldoret,Female,14.51,1.69,3.67,No,71797,1,14,0.55
265,Matthew Bryant,Engineering,Nairobi,Male,4.07,2.65,2.91,No,114548,0,4.7,0.58
266,Janet Martin,Operations,Kisumu,Female,13.76,1.75,1.47,Yes,73496,0,17.2,0.87
267,Kathy Chen,Sales,Kisumu,Female,14.28,2.41,1.26,No,93932,1,8.4,0.63
268,Michelle Medina,Marketing,Eldoret,Other,14.74,3.6,3.58,No,41893,2,5.7,0.22
269,Jon Luna Jr.,Marketing,Remote,Female,1.01,1.52,1.02,No,95484,13,12.1,0.05
270,Geoffrey Carpenter,Finance,Nairobi,Other,3.88,3.11,2.9,No,72175,7,18.1,0.83
271,Kristopher Green,Sales,Eldoret,Male,6.84,2.04,2.34,No,114398,7,2.7,0.36
272,Ryan Williams,Marketing,Kisumu,Female,7.62,4.41,4.13,No,69583,7,11.1,0.13
273,Wendy Wright,Engineering,Mombasa,Other,0.69,2.49,3.32,No,181439,5,6.2,0.38
274,Kendra Dudley,Operations,Mombasa,Male,2.26,2.2,3.5,No,121907,1,13.3,0.51
275,Alexander Silva,Marketing,Mombasa,Male,11.87,1.98,2.08,No,88493,0,5.8,0
276,Michelle Morgan,Marketing,Remote,Male,11.42,1.64,2.3,No,187743,14,14,0.76
277,Brian Zimmerman,Finance,Nairobi,Other,7.23,1.8,3.61,No,76094,14,14.1,0.02
278,Jonathon Taylor,Finance,Remote,Other,13.25,4.23,3.93,No,59145,0,6.4,0.89
279,Beth Wagner,Engineering,Eldoret,Female,6.82,2.79,3.28,No,222948,0,5.2,0.77
280,Christina Smith,Sales,Eldoret,Male,1.94,4.64,2.99,No,195809,7,15.5,0.15
281,Nicole Smith,Engineering,Kisumu,Male,8.32,2.76,3.98,No,105629,1,18.4,0.69
282,Stephen Cook,Marketing,Mombasa,Male,7.11,1.48,4.15,Yes,137951,10,15.4,0.18
283,Karen Mcgee,Engineering,Eldoret,Other,12.27,2.39,1.17,No,231290,1,17,0.57
284,Shannon Nguyen,Operations,Eldoret,Other,4.95,3.78,4.33,No,125877,5,19.4,0.63
285,Lisa Nielsen,Engineering,Kisumu,Male,6.36,1.68,1.76,No,99231,6,15.4,0.29
286,John Cochran,Finance,Remote,Male,14.35,1.87,4.12,No,104895,4,7.2,0.73
287,Jessica Everett,Sales,Remote,Female,0.92,4.55,3.97,No,153437,15,3.3,0.33
288,Matthew Williams,Operations,Kisumu,Male,12.1,3.06,1.96,No,154899,6,18,0.64
289,James Myers,Marketing,Kisumu,Other,3.97,4.5,3.27,Yes,64130,6,6.9,0.65
290,Elizabeth Singleton,Operations,Eldoret,Female,5.3,3.21,1.38,Yes,41115,9,19.8,0.61
291,Kelly Garcia,Engineering,Remote,Female,1.07,1.61,2.22,No,119490,1,15.2,0.16
292,Joshua Duarte,Operations,Remote,Male,7.73,1.56,2.57,Yes,40734,15,3.9,0.75
293,Ryan Gonzalez,Marketing,Remote,Female,12.3,4.49,2.26,No,211939,0,17.2,0.66
294,Rachel Torres,Finance,Eldoret,Female,7.25,4.47,3.77,No,82716,1,0.3,0.73
295,Ashley Watkins,Engineering,Eldoret,Other,12.96,3.77,1.82,No,242056,6,12.5,0.77
296,Michael Young,Finance,Nairobi,Other,6.48,3.15,4.39,No,148854,6,14.4,0.09
297,Tracy Brown,HR,Remote,Male,4.42,2.92,4.93,No,231193,9,1.2,0.01
298,Patricia Daniels,HR,Kisumu,Female,6.54,3.89,4.91,No,185895,10,5.6,0.86
299,Susan Perry,Finance,Nairobi,Female,2.88,4.35,3.89,No,155142,2,10.2,0.59
300,Maria Diaz,Operations,Nairobi,Female,5.24,2.02,4.38,No,114622,1,5.7,0.98
301,Steven Taylor,Marketing,Kisumu,Other,8.86,3.67,3.21,Yes,206926,7,8.8,0.79
302,Elizabeth Gomez,Marketing,Remote,Other,9.16,2.75,3.72,No,181039,14,12.2,0.46
303,Stephanie Gonzalez,Finance,Eldoret,Other,3.94,4.3,4.51,No,155176,9,18.1,0.94
304,Courtney Rodriguez,Marketing,Mombasa,Male,4.72,2.53,1.9,Yes,70502,6,18.6,0.07
305,Jon Wells,HR,Nairobi,Male,3.99,4.71,4.98,No,51386,4,14.1,0.41
306,Thomas Young,Sales,Remote,Other,10.19,1.75,4.82,No,114543,5,17,0.54
307,Kevin Diaz,Marketing,Nairobi,Female,7.45,2.64,1.69,No,88617,1,10.7,0.46
308,Brianna Barnes,HR,Remote,Other,7.1,2.35,4.49,No,208467,7,8.5,0.71
309,Martha Pugh,HR,Eldoret,Female,11.41,1.43,4.22,No,66886,2,15.9,0.24
310,Megan Cruz,Sales,Kisumu,Female,1.31,3.02,4.34,No,99720,2,6.7,0.77
311,Sarah Smith,Operations,Nairobi,Male,12.65,1.96,3.88,Yes,75335,9,11.9,0.24
312,Steven Hampton,Operations,Kisumu,Other,6.12,2.37,2.14,No,133435,13,17.2,0.92
313,Richard Brown,Engineering,Nairobi,Other,11.14,4.63,4.23,No,111546,6,5.6,0.48
314,Sheila Gonzalez,HR,Mombasa,Other,7.39,2.45,4.83,No,231811,1,19.1,0.35
315,Brandon Yoder,Marketing,Eldoret,Female,5.3,3.63,1.97,No,132012,5,0.1,0.48
316,Elizabeth Wright,Marketing,Remote,Female,6.43,3.46,1.93,No,193012,9,4.6,0.7
317,Melanie Weeks,Finance,Mombasa,Female,1.26,1.96,2.1,No,35533,6,6.1,0.64
318,Molly Estrada,Marketing,Kisumu,Male,4.66,1.84,3.37,No,169075,11,11.4,0.42
319,Matthew Perry,Operations,Mombasa,Other,13.09,4.4,4.45,No,178646,9,16.9,0.62
320,Kristina Lester,Operations,Kisumu,Male,3.67,3.57,4.49,No,30103,12,2.1,0.26
321,Timothy Powell,Operations,Kisumu,Male,14.82,1.37,2.95,No,195238,3,17.6,0.24
322,Michelle Grant,Sales,Eldoret,Other,8.17,3.73,2.6,No,239093,14,13.8,0.18
323,John Webb,Marketing,Eldoret,Other,2.02,1.1,3.52,No,32906,3,13.1,0.26
324,Ashley Harding,Sales,Mombasa,Female,12.45,4.31,3.44,No,220361,4,15,0.77
325,Andrea Logan,Marketing,Mombasa,Male,10.24,4.43,4.15,Yes,190295,5,1.9,0.91
326,Jessica Carroll,Engineering,Nairobi,Other,14.94,4.39,3.17,No,53439,7,5.4,0.8
327,Megan Wright,Marketing,Nairobi,Male,7.99,1.05,2.59,No,184051,10,9.8,0.77
328,Tamara Clark,Sales,Nairobi,Male,13.88,3.92,1.42,No,91616,7,11.5,0.7
329,Sarah Hill,Marketing,Mombasa,Female,13.01,3.46,1.85,No,163077,9,5.1,0.4
330,Cynthia Walsh,Operations,Remote,Male,4.57,2.98,3.31,No,85659,14,5.4,0.09
331,Patricia Byrd,Sales,Mombasa,Male,13.18,2.34,3.62,No,50403,6,15.4,0.76
332,Edward Ingram,Engineering,Nairobi,Female,10.68,2.04,2.03,No,213173,3,2.2,0.11
333,Derek Conrad,Sales,Remote,Other,7.5,3.08,4.47,No,68023,15,10.2,0.78
334,Benjamin Sawyer,HR,Remote,Other,7.67,1.57,2.14,Yes,100606,15,16.3,0.95
335,David Franklin,Operations,Mombasa,Male,10.07,2.93,3.86,No,142719,11,6.5,0.18
336,Steven Pena,Engineering,Nairobi,Other,11.29,1.98,3.66,No,30427,14,9.8,0.72
337,Gregory Leonard,Marketing,Kisumu,Other,9.3,3.05,2.55,No,56319,9,5.5,0.15
338,Stephanie Le,Finance,Eldoret,Female,2.93,2.31,4.6,No,53151,0,8.5,0.53
339,Joseph Rodriguez,Engineering,Mombasa,Other,1.38,4.42,4.2,No,131304,4,16.3,0.97
340,Michael Scott,HR,Mombasa,Other,12.39,4.4,1.15,Yes,42602,14,16.3,0.72
341,Megan Johnson,HR,Mombasa,Other,2.64,2.82,4.1,No,73009,7,5.8,0.31
342,Tracy Banks,Marketing,Remote,Other,3.98,1.31,3.39,No,60101,5,2.4,0.26
343,Christian Roberts,Operations,Remote,Other,14.66,3.88,1.58,No,71698,9,14.1,0.91
344,David Garcia,HR,Nairobi,Other,9.52,2.35,3.47,No,141026,12,10.7,0.22
345,Rachel Baldwin,Marketing,Remote,Other,11.67,3.52,1.32,No,117729,8,6.8,0.8
346,Dean Bowers DDS,Marketing,Mombasa,Other,9.19,1.72,1.49,No,41760,3,3.3,0.4
347,Michelle Wagner,Sales,Kisumu,Other,7.11,4.25,4,No,61862,8,14.4,0.14
348,Douglas Ramirez,Operations,Remote,Female,13.31,3.44,4,No,94337,10,12.9,0.64
349,Kerri Hall,Finance,Eldoret,Other,3.36,2.88,4.22,No,246894,2,1.3,0.41
350,William Allen,Operations,Nairobi,Male,11.69,2.59,1.51,No,237263,0,9.5,0.26
351,Danielle Heath,Marketing,Kisumu,Female,10.3,1.05,1.53,Yes,67969,0,6.8,0.29
352,Robert Perez,Sales,Eldoret,Female,11.98,1.55,4.63,No,185673,4,11.8,0.06
353,Laura Richardson,Engineering,Kisumu,Male,8.17,4,4.31,No,150915,10,14.1,0.12
354,James Wells,Operations,Remote,Female,14.2,2.76,1.35,No,249899,5,10.7,0.81
355,Kaitlyn Weeks,Marketing,Kisumu,Other,8.65,3.23,2.9,No,200579,12,15.2,0.47
356,Kelly Smith,Engineering,Mombasa,Other,11.37,2.43,2.26,No,34993,12,19.7,0.11
357,Tammy Robinson,Sales,Kisumu,Other,11.82,4.79,2.38,No,178130,2,3.8,0.18
358,Christopher Stephenson,Sales,Eldoret,Female,12,3.53,2.97,No,116722,15,13.3,0.03
359,Carolyn Vargas,Finance,Mombasa,Male,0.59,3.73,1.07,No,130785,15,1.8,0.59
360,Doris Reed,Operations,Mombasa,Male,4.05,4.34,2.17,No,187774,0,17.6,0.24
361,Nancy Tapia,Operations,Eldoret,Female,5.31,4.09,1.59,No,103410,15,0.6,0.74
362,Brandy Grant,Operations,Nairobi,Male,10.67,1.09,2.49,No,67370,1,3.5,0.83
363,Walter Williams,HR,Nairobi,Female,13.38,3.54,4.23,No,79184,5,3.1,0.88
364,Lori Lane,Finance,Kisumu,Other,8.89,3.58,2.99,No,106324,13,19.8,0.04
365,Diana Phillips,Operations,Nairobi,Male,9.97,1.26,4.63,Yes,59120,4,10.3,0.55
366,Michael Prince,Sales,Remote,Female,5.49,1.97,1.35,No,106935,9,13.4,0.61
367,Glenn Johnston,Engineering,Mombasa,Female,3.25,2.22,3.05,No,194366,15,17.9,0.92
368,David Chase,HR,Remote,Male,1.99,1.66,3.97,No,236310,4,13.7,0.24
369,Jerry Nelson,HR,Nairobi,Female,14.11,2.58,3.99,No,78559,14,2.3,0.01
370,Jose Sanders,Engineering,Kisumu,Female,5.12,1.28,2.12,No,239522,2,13.1,0.62
371,Christine Roberts,Sales,Remote,Other,13.05,3.94,4.96,No,128467,3,18,0.03
372,Nancy Solis,Marketing,Kisumu,Male,3.14,4.02,4.59,No,35763,10,11.3,0.18
373,Aaron Hayden,HR,Mombasa,Male,7.17,3.93,2.52,No,95599,9,9.2,0.71
374,Kevin Jones,Engineering,Remote,Male,14.06,2.89,2.92,No,37386,12,15.7,0.38
375,Mr. David Cox,Marketing,Kisumu,Female,2.85,2.82,3.71,Yes,246341,13,4.8,0
376,Kenneth Parker,Engineering,Kisumu,Other,6,1.26,2.72,No,169254,5,9.5,0.52
377,Hailey Herman,Marketing,Nairobi,Male,2.1,4.73,4.34,No,192219,7,13.7,0.5
378,Benjamin Simmons,Sales,Remote,Other,14.07,2.21,1.62,No,163937,7,19.1,0.32
379,William Diaz,Sales,Remote,Female,6,4.52,4.35,No,47285,11,14.5,0.59
380,Marc Collins,Engineering,Nairobi,Male,11.88,2.91,3.42,No,37648,2,2.1,0.92
381,Eric Lin,Operations,Mombasa,Male,1.61,2.14,2.71,Yes,89997,15,14.4,0.63
382,Michelle Hartman,Operations,Mombasa,Male,4.42,4.93,2.5,No,37966,7,4.8,0.15
383,Stacey Martin,Operations,Eldoret,Other,3.6,4.45,3.41,No,75026,2,11.8,0.8
384,Frank Mills,Engineering,Eldoret,Female,4.19,2.98,1.19,Yes,113541,8,14.5,0.43
385,Brittney Walters,Sales,Remote,Male,3.48,3.26,4.84,No,161223,13,1.8,0.02
386,Angie Herman,Sales,Remote,Female,4.6,3.43,4.55,No,144242,11,19.6,0.14
387,Jordan Smith,HR,Eldoret,Other,5.71,2.66,4.14,No,180630,9,8.3,0.92
388,Brenda Espinoza,Marketing,Nairobi,Male,10.99,3.36,2.78,No,245050,11,2.8,0.08
389,Brittney Ross,Operations,Mombasa,Male,12.27,4.68,3.04,No,211329,13,8.2,0.66
390,Michelle May,Operations,Kisumu,Male,2.82,4.66,4.07,No,176508,8,19.2,0.96
391,Rebecca Hernandez,Marketing,Kisumu,Female,5.03,2.67,4.22,No,201220,8,15.6,0.42
392,Samuel Barry,Finance,Eldoret,Female,9.31,1.86,3.02,Yes,75501,10,6.3,0.86
393,Isabella Miles MD,Sales,Mombasa,Other,8.74,1.04,3.95,No,139036,12,14.1,0.65
394,Stephanie Huffman,Operations,Remote,Other,14.24,3.37,3.54,No,206265,6,9.3,0.36
395,Wendy Bishop,Marketing,Mombasa,Other,10.64,1.62,1.78,No,226410,6,11.3,0.23
396,Monica Elliott,Sales,Eldoret,Other,9.43,3.28,4.38,No,240831,1,17.2,0.28
397,John Allen,Finance,Remote,Male,2.12,1.06,4.26,No,32444,14,11.4,0.96
398,Mrs. Brandi Cox,Operations,Mombasa,Male,8.02,1.08,3.09,No,180400,11,11.6,0.29
399,Deborah Lee,Sales,Nairobi,Other,7.31,4.99,4.42,No,149878,9,0.1,0.4
400,Mark Martinez,Sales,Kisumu,Male,12.39,4.44,1.02,No,248048,15,12.9,0.91
401,Anthony Erickson,Marketing,Kisumu,Other,13.19,2.36,1.8,No,195523,1,12.4,0.25
402,Kevin Hernandez,Sales,Remote,Female,3.97,4.75,2.5,No,46772,4,16.9,0.16
403,Gerald Ward,Engineering,Mombasa,Male,10.22,2.91,3.54,No,193794,8,5.2,0.99
404,Daniel Miller,Sales,Nairobi,Other,10.01,1.08,4.43,No,53700,13,4.4,0.04
405,Melissa Avila,Finance,Mombasa,Female,13.36,3.98,2.36,Yes,181471,0,5.1,0.4
406,Alexander Flores,Sales,Kisumu,Female,6.59,2.07,1.77,No,151070,6,15.6,0.1
407,Angela Davis,Finance,Nairobi,Male,3.37,2.03,4.07,No,249874,10,19.4,0.79
408,Michael Mcdowell,Finance,Kisumu,Female,11.45,3.16,1.69,Yes,201421,14,17.3,0.87
409,Brenda Francis,Operations,Nairobi,Male,13.57,3.23,4.27,No,190406,3,17.3,0.59
410,Elizabeth Bishop,Finance,Eldoret,Male,4.32,4.63,1.66,No,65746,12,4.9,0.93
411,Michael Marsh,Sales,Nairobi,Male,14.65,3.49,3.42,No,132816,4,12.6,0.26
412,Dylan Lee,Finance,Eldoret,Male,3.74,3.29,2.19,Yes,77144,8,15.7,0.3
413,Darryl Bowers,HR,Kisumu,Other,8.77,2.38,3.42,No,183279,6,19.8,0.14
414,Tina Johnson,HR,Remote,Other,8.94,3.04,3.92,No,38408,0,16.5,0.57
415,Andrew Robinson,Sales,Nairobi,Female,11.94,2.72,3.49,No,153012,7,13.3,0.83
416,Laura Foster,HR,Eldoret,Male,7.96,2.51,4.77,No,208980,10,4.2,0.76
417,Jessica Thompson,Marketing,Eldoret,Other,1.37,1.15,5,No,91463,0,3.5,0.33
418,Ryan Evans,Finance,Eldoret,Other,5.91,3.32,4.9,No,47317,4,10.1,0.27
419,Tina Patel,Operations,Nairobi,Other,2.31,3.48,3.07,No,200008,15,9.6,0.66
420,Richard Lawson,HR,Nairobi,Male,14.67,2.42,4.91,No,226751,3,3.4,0.39
421,Anthony Manning,HR,Mombasa,Other,7.74,2.07,4.35,No,35894,11,9.3,0.98
422,Mr. Derek Jones,Engineering,Kisumu,Female,10.51,4.57,1.73,No,202696,5,4.2,1
423,David King Jr.,Marketing,Kisumu,Other,9.7,1.05,1.34,No,48665,11,18.4,0.37
424,Stephanie Bennett,HR,Kisumu,Female,3.83,2.83,3.9,No,45455,0,7.3,0.91
425,Melanie Frye,HR,Nairobi,Other,14.8,3.67,3.89,No,140098,2,15.3,0.52
426,Robert Stout,Marketing,Kisumu,Female,4.13,4.13,1.98,No,151231,12,19.8,0.55
427,April Peters,Operations,Eldoret,Male,8.15,4.73,1.23,No,199962,15,1.6,0.57
428,Elizabeth Howard,Finance,Mombasa,Other,14.59,1.69,2.73,No,186451,12,5.2,0.57
429,Eric Brewer,Marketing,Kisumu,Other,14.75,1.06,1.19,Yes,128592,12,18.9,0.69
430,Laura Adams,Sales,Mombasa,Female,13.07,1.32,4.58,No,221022,3,15.9,0.39
431,Dr. Carrie Fuentes MD,Operations,Eldoret,Other,14.66,2.82,4.97,No,65941,9,11.1,1
432,Gary Robinson,Sales,Mombasa,Other,14.13,1.31,1.56,No,124203,0,8.8,0.57
433,Matthew Daniels,Finance,Nairobi,Male,7.44,2.87,3.17,Yes,230718,7,12.9,0.89
434,Marc Wiley,Operations,Remote,Male,7.8,4.71,2.79,No,143817,10,10.6,0.35
435,Pamela Robinson,Finance,Remote,Male,7.99,2.51,1.01,No,227929,1,16.1,1
436,Michael Wright,Engineering,Kisumu,Male,10.79,1.59,1.64,No,85756,1,18.2,0.91
437,Lauren Peters,Finance,Remote,Other,8.53,3.69,1.68,No,142770,12,10.1,0.3
438,James Smith,HR,Mombasa,Female,10.45,3.83,2.69,No,214935,13,0.7,0.33
439,Mark Scott,Finance,Eldoret,Male,10.81,3.22,1.6,No,80707,11,16.4,0.96
440,Kristina Phillips,Sales,Remote,Male,6.73,1.51,1.28,No,138944,12,11.5,0.01
441,Michelle Parker,Finance,Eldoret,Other,4.8,2.51,2.28,No,152786,5,2.2,0.19
442,Joshua Patton,Marketing,Nairobi,Female,1.39,1.02,2.94,No,143472,8,4.4,0.87
443,Kristin Butler,Engineering,Nairobi,Female,12.78,4.73,1.39,No,151666,3,13.1,0.42
444,Kathryn Turner,Sales,Eldoret,Other,4.32,1.45,2.08,No,227652,7,1.4,0.33
445,Kimberly Brown,Marketing,Nairobi,Other,5.46,3.09,1.67,No,215046,10,4.6,0.51
446,Megan Smith,Sales,Mombasa,Male,10.21,3.69,3.45,No,170181,13,9.7,0.39
447,Alicia Gill,Sales,Nairobi,Other,10,2.68,4.2,No,50988,11,15.5,0.04
448,Jeremiah Garcia,Engineering,Kisumu,Other,1.79,3.38,2.84,Yes,239597,9,5.6,0.88
449,Patrick Austin,Operations,Remote,Female,1.91,3.08,4.51,No,93682,0,12.2,0.39
450,Joshua Good,Sales,Remote,Other,4.19,4.6,4.86,No,209369,1,6.8,0.06
451,Jenna Wiggins,Engineering,Kisumu,Female,4.56,2.7,3.67,No,148049,8,5.4,0.24
452,Cheryl Werner,Operations,Eldoret,Other,12.03,3.26,4.38,No,103603,0,18.3,0.37
453,David Gomez,Engineering,Eldoret,Male,12.18,2.91,4.3,No,48331,15,6.9,0.91
454,Dr. David Moore,Engineering,Nairobi,Male,11.16,4.95,2.35,No,56887,4,8.9,0.97
455,Wendy Ibarra,Marketing,Remote,Male,2.23,3.42,2.18,No,185739,4,5.4,0.71
456,Aaron Wells,Sales,Remote,Female,12.24,2.16,4.55,No,73975,15,5.4,0.24
457,John Chan,Engineering,Nairobi,Male,12.47,1.32,2.91,No,115310,13,8.6,0.96
458,Alyssa Leach,HR,Mombasa,Female,3.06,3.24,3.58,No,221071,0,11.6,0.38
459,Dr. Paul Snyder,HR,Nairobi,Female,1.87,3.05,4.17,No,33767,12,5.3,0.57
460,Christopher Shaw,Sales,Mombasa,Male,2.72,1.63,2.78,No,146054,9,8.2,0.98
461,William Martinez,Finance,Kisumu,Male,4.14,2.04,4.55,No,113009,15,3.2,0.89
462,Mr. William Johnson MD,Finance,Remote,Male,8.43,4.59,1.74,No,161464,5,1.6,0.16
463,Mary Ellison,Sales,Nairobi,Female,13.13,4.79,3.83,No,135637,5,16.8,0.17
464,Todd Price,Sales,Nairobi,Other,14.43,3.29,4.42,Yes,154932,9,15.3,0.99
465,Jennifer Jackson,HR,Mombasa,Male,11.16,2.66,3.31,No,47384,12,12.1,0.62
466,Jeremy Hill,Marketing,Kisumu,Female,12.24,4.97,3.55,No,243982,8,9.6,0.93
467,Alexander Hill,Marketing,Mombasa,Other,3.28,1.42,2.97,No,223140,14,2.1,0.15
468,Patricia Jones,Operations,Remote,Female,13.26,2.27,2.57,Yes,246566,10,5.7,0.16
469,Michael Castillo,Finance,Mombasa,Other,4.94,3.24,4.39,No,216440,1,10.1,0.58
470,Latasha Carney,Operations,Mombasa,Other,2.2,2.05,3.75,Yes,189592,3,6.8,0.55
471,Roberto Moore,Marketing,Remote,Other,13.87,1.45,1.64,No,96174,10,14.4,0.14
472,Bianca Aguilar,Engineering,Remote,Other,12.57,2.69,4.61,No,87252,2,3.7,0.89
473,Bryan Adams,Finance,Nairobi,Female,12.8,3.02,4.44,No,232080,12,12.3,0.2
474,Daniel Bowers,HR,Mombasa,Other,4.07,2.29,2.62,No,30777,0,7,0.92
475,Michael Allen,Operations,Eldoret,Male,10.92,2.28,2.68,No,62937,9,15.8,1
476,Kelsey Clark,Operations,Remote,Other,4.1,2.75,1.24,No,190521,10,7.7,0.17
477,Charles Villanueva,Sales,Eldoret,Male,11.94,3.12,1.95,No,79715,9,9.7,0.42
478,Bryan Francis,HR,Remote,Female,13.83,3.71,4.72,Yes,133035,0,8.4,0.75
479,Noah Kaufman,Sales,Remote,Female,11.63,1.32,1.07,No,150263,5,17.9,0.64
480,Brian York,HR,Mombasa,Female,5.47,4.86,2.53,No,63023,10,15.5,0.48
481,Charles Arnold,HR,Mombasa,Other,12.18,3.34,1.87,No,191426,14,8.5,0.95
482,Stephen Jones,Operations,Mombasa,Female,10.19,2.09,4.77,No,143922,5,7.8,0.48
483,Garrett White,Sales,Nairobi,Other,14.04,4.93,4.88,No,164909,6,15.1,0.44
484,Lisa Turner,Finance,Eldoret,Male,2.64,2.81,1.34,No,84189,1,6.9,0.95
485,Austin Hoffman,Operations,Nairobi,Other,6.77,2.6,2.68,No,147676,8,2.8,0.66
486,Frederick Wilson,HR,Kisumu,Male,5.12,2.45,4.86,No,226391,0,3.3,0.39
487,Taylor Mcmillan,HR,Nairobi,Female,10.1,2.15,2.53,No,212521,15,18.4,0.3
488,Christopher Rose,Engineering,Remote,Female,14.85,2.38,2.25,No,110641,6,3.7,0.05
489,Ryan Sellers,HR,Mombasa,Other,12.13,3.24,1.41,No,62581,11,10.8,0.52
490,Jacob White,Operations,Remote,Male,7.39,3.81,3.85,No,203802,8,15,0.8
491,Brianna Garza,Sales,Remote,Male,10.8,1.75,3.23,No,208611,8,19.2,0.24
492,Julie Russo,Marketing,Mombasa,Other,0.76,1.34,4.86,No,65471,12,14.8,0.41
493,Mrs. Dana Morales,Finance,Mombasa,Male,7.03,1.36,4.29,No,187485,8,18.7,0.69
494,Michael Gardner,Sales,Mombasa,Male,4.07,2.45,2.3,No,70790,9,7.4,0.17
495,Steven Bryan,Operations,Kisumu,Other,1.69,3.87,4.21,No,223198,10,8,0.17
496,Joseph Wright,Marketing,Remote,Male,2.03,1.7,4.79,No,48675,12,19.3,0.59
497,Jennifer Collins,Marketing,Remote,Female,9.46,4.29,3.15,No,176326,11,2.6,0.11
498,Jennifer Williams,Sales,Kisumu,Female,7.12,3.83,2.08,No,188937,8,17.4,0.97
499,Ryan Williams,HR,Remote,Other,9.33,1.55,3.89,Yes,44317,10,11.2,0.68
500,Robert Davidson,Finance,Eldoret,Male,2.36,1.6,3.36,Yes,110189,1,4.9,0.07
